<?xml version="1.0" encoding="UTF-8"?>
<repomd xmlns="http://linux.duke.edu/metadata/repo" xmlns:rpm="http://linux.duke.edu/metadata/rpm">
 <revision>1521516214</revision>
<data type="filelists">
  <checksum type="sha256">c86ec468e4ba089c46a798e87d096d78b3d33d1263345f44c48ff27dcd50b0e3</checksum>
  <open-checksum type="sha256">62ff3040673203003b66e4c3c1ee48757e6c329919f9acaf16fc0069a6b7451f</open-checksum>
  <location href="repodata/c86ec468e4ba089c46a798e87d096d78b3d33d1263345f44c48ff27dcd50b0e3-filelists.xml.gz"/>
  <timestamp>1521516214</timestamp>
  <size>69603</size>
  <open-size>1403731</open-size>
</data>
<data type="primary">
  <checksum type="sha256">21025255b193aa011e535b62e6ef13944e14447d55db99be0507eb385483727b</checksum>
  <open-checksum type="sha256">8c233fe6d9ffa438345d7696fa8200d97c994d8200ca6e2244145c51e958b06b</open-checksum>
  <location href="repodata/21025255b193aa011e535b62e6ef13944e14447d55db99be0507eb385483727b-primary.xml.gz"/>
  <timestamp>1521516214</timestamp>
  <size>5925</size>
  <open-size>33836</open-size>
</data>
<data type="primary_db">
  <checksum type="sha256">b020d6817f87c7d1b46df90b3a83e11d72938aae8e18018d7cea44fb9ad909e8</checksum>
  <open-checksum type="sha256">c437d8c16766f3575059ec08b4f4d002e2e4a09e6bdf161036daab4aa7058a39</open-checksum>
  <location href="repodata/b020d6817f87c7d1b46df90b3a83e11d72938aae8e18018d7cea44fb9ad909e8-primary.sqlite.bz2"/>
  <timestamp>1521516216</timestamp>
  <database_version>10</database_version>
  <size>11814</size>
  <open-size>57344</open-size>
</data>
<data type="other_db">
  <checksum type="sha256">890899a56f9427d8ed3470f12533aad1ec9c64a0efd9c4f5728f573d4f2456f3</checksum>
  <open-checksum type="sha256">04e1f62409ce63587c7920938d3eebd0f3fa9b5f9a9141e9959d24f3ec02040a</open-checksum>
  <location href="repodata/890899a56f9427d8ed3470f12533aad1ec9c64a0efd9c4f5728f573d4f2456f3-other.sqlite.bz2"/>
  <timestamp>1521516215</timestamp>
  <database_version>10</database_version>
  <size>8122</size>
  <open-size>32768</open-size>
</data>
<data type="other">
  <checksum type="sha256">1814379f8584eb2be583bcdd79e79da33621ab370a8a19e2e09396c1aa003150</checksum>
  <open-checksum type="sha256">117b2aff11c2d59ad479f04d8a64057222a4def8911629991f5cdbcde2374ecf</open-checksum>
  <location href="repodata/1814379f8584eb2be583bcdd79e79da33621ab370a8a19e2e09396c1aa003150-other.xml.gz"/>
  <timestamp>1521516214</timestamp>
  <size>5096</size>
  <open-size>27810</open-size>
</data>
<data type="filelists_db">
  <checksum type="sha256">f9658dbbac3c4bef249dbb8ff75697bbc05c41baa295b7c76883f6aff35f62cd</checksum>
  <open-checksum type="sha256">5672d9412c2ad2ca2df0a62a62a7aa590e615cd30a44bebf2bc0ee2277e492f6</open-checksum>
  <location href="repodata/f9658dbbac3c4bef249dbb8ff75697bbc05c41baa295b7c76883f6aff35f62cd-filelists.sqlite.bz2"/>
  <timestamp>1521516215</timestamp>
  <database_version>10</database_version>
  <size>57507</size>
  <open-size>413696</open-size>
</data>
</repomd>
